"","A.thaliana_p_val","A.thaliana_avg_log2FC","A.thaliana_pct.1","A.thaliana_pct.2","A.thaliana_p_val_adj","C.hirsuta_p_val","C.hirsuta_avg_log2FC","C.hirsuta_pct.1","C.hirsuta_pct.2","C.hirsuta_p_val_adj","max_pval","minimump_p_val","gene_ID"
"AT5G60890",0,0.525009641425274,0.307,0.036,0,0,0.456631691416948,0.329,0.063,0,0,0,"AT5G60890"
"AT4G16447",0,0.515385256932401,0.253,0.025,0,5.49760785625676e-193,0.340449832410428,0.211,0.045,8.68622041288568e-189,5.49760785625676e-193,0,"AT4G16447"
"AT5G48170",1.665896893267e-234,0.300275502604022,0.216,0.047,2.63211709136186e-230,0,0.578768891141147,0.424,0.079,0,1.665896893267e-234,0,"AT5G48170"
"AT2G28510",2.21589318500685e-301,0.308669865321444,0.238,0.045,3.50111123231082e-297,9.90525007994272e-52,0.332303220637645,0.206,0.094,1.56502951263095e-47,9.90525007994272e-52,4.43178637001336e-301,"AT2G28510"
"AT1G25230",5.71533886347246e-277,0.333949856433396,0.168,0.024,9.03023540428649e-273,4.08390965426952e-74,0.413782334883544,0.116,0.032,6.45257725374584e-70,4.08390965426952e-74,1.1430677726944e-276,"AT1G25230"
"AT1G61660",2.25931833060434e-273,0.31093946298227,0.148,0.019,3.56972296235486e-269,3.19271333801455e-196,0.628185210067685,0.158,0.026,5.04448707406299e-192,3.19271333801455e-196,4.5186366612085e-273,"AT1G61660"
"AT5G14920",4.98934779524286e-177,0.404298324081098,0.224,0.061,7.88316951648372e-173,3.6115746991439e-119,0.598125738255554,0.276,0.099,5.70628802464736e-115,3.6115746991439e-119,9.97869559048562e-177,"AT5G14920"
"AT3G04520",0,1.29791868034928,0.651,0.051,0,0,1.3381456980062,0.655,0.105,0,0,0,"AT3G04520"
"AT4G29100",0,0.634120655516104,0.416,0.054,0,0,0.692544660056757,0.52,0.107,0,0,0,"AT4G29100"
