"","A.thaliana_p_val","A.thaliana_avg_log2FC","A.thaliana_pct.1","A.thaliana_pct.2","A.thaliana_p_val_adj","C.hirsuta_p_val","C.hirsuta_avg_log2FC","C.hirsuta_pct.1","C.hirsuta_pct.2","C.hirsuta_p_val_adj","max_pval","minimump_p_val","gene_ID"
"AT5G54970",0,0.719528189943816,0.627,0.18,0,0,1.15300850045582,0.864,0.424,0,0,0,"AT5G54970"
"AT3G02820",0,0.669751962082528,0.596,0.132,0,0,1.07580103608869,0.93,0.342,0,0,0,"AT3G02820"
"AT3G12170",0,0.689791842561724,0.594,0.097,0,0,0.621094171527298,0.78,0.307,0,0,0,"AT3G12170"
"AT3G46940",0,1.45074959825506,0.851,0.188,0,0,1.4112460708448,0.967,0.503,0,0,0,"AT3G46940"
"AT3G52630",0,0.993937899706462,0.624,0.118,0,0,0.930316640206781,0.878,0.354,0,0,0,"AT3G52630"
"AT2G16780",0,0.554414674100056,0.644,0.243,0,0,0.718741071435897,0.908,0.51,0,0,0,"AT2G16780"
"AT2G24970",0,0.605760554369617,0.532,0.105,0,0,0.486937248949402,0.756,0.342,0,0,0,"AT2G24970"
"AT4G26960",0,0.536920278461293,0.462,0.086,0,0,1.31266015708507,0.818,0.207,0,0,0,"AT4G26960"
