"","A.thaliana_p_val","A.thaliana_avg_log2FC","A.thaliana_pct.1","A.thaliana_pct.2","A.thaliana_p_val_adj","C.hirsuta_p_val","C.hirsuta_avg_log2FC","C.hirsuta_pct.1","C.hirsuta_pct.2","C.hirsuta_p_val_adj","max_pval","minimump_p_val","gene_ID"
"AT1G14150",0,0.893600748825726,0.927,0.537,0,4.28581590602549e-285,0.882233577108594,0.772,0.32,7.86747225869099e-281,4.28581590602549e-285,0,"AT1G14150"
"AT3G15840",0,0.638421626459327,0.902,0.592,0,6.07385602450752e-214,0.6506420324366,0.653,0.248,1.11497775041884e-209,6.07385602450752e-214,0,"AT3G15840"
"AT4G35090",0,1.04505268932833,0.967,0.594,0,1.22780562273048e-193,1.01703820700181,0.864,0.525,2.25388278164634e-189,1.22780562273048e-193,0,"AT4G35090"
