"","p_val","avg_log2FC","pct.1","pct.2","p_val_adj","gene_ID"
"AT2G40435",6.48321058356313e-258,0.320894088243238,0.21,0.094,1.19012296682468e-253,"AT2G40435"
